	z variable 1	z variable 2	z variable 3	z variable 4	z variable 5	z variable 6	z variable 7	z variable 8	z variable 9	z variable 10
CCCATGTGTGTCGA-6	1.2384329	-0.4686888	0.03284126	0.14232768	0.96858853	0.56091344	-0.50238657	0.91418487	-0.27110678	-0.073272645
AATCTCTGCTCCAC-3	-0.51724094	1.6459005	0.63341236	-0.9299388	-1.8944945	-0.8782636	3.0539918	-1.4205607	1.5922506	-0.610904
GACAGTACGAGGGT-5	-2.9664032	1.9793316	-0.4011112	0.5304093	-1.4700516	-0.75980955	4.190298	-0.8299182	2.2700424	-1.1081686
GGGACCTGTGAGAA-1	0.6808495	-0.6964177	-0.042491034	-0.071323074	0.9450946	0.92297035	-1.1324117	0.9778521	-1.032027	-0.1502487
TGAGGTACTACGAC-8	-0.71951926	-0.25786206	-1.3292712	-0.0620396	0.21480298	-1.4320197	0.32319692	-0.58510005	-0.3936228	-0.56382203
TTCCATGAGCTTAG-7	-0.51065856	1.1076107	-0.48212808	0.7653059	-0.8868482	-0.46330768	2.4593332	-0.32320657	1.0115144	-0.82769436
GTTCATACTCTATC-1	0.5980105	0.20049135	-0.18761249	-0.8509691	0.06867223	-0.03867747	-0.85765475	0.20253965	-0.9079283	-0.21306731
AGGTGGGAACAGTC-3	0.15651707	0.65349907	-0.6488798	0.06474354	-0.2393855	-0.103564695	0.5639105	-0.0002486232	0.9783137	-0.3246163
AGACGTACCTCGCT-2	1.7056086	-0.36970788	0.08523698	0.9105906	1.5652297	1.5303633	-1.4507753	0.58742845	-1.6020422	0.8255101
AACGCCCTGCTACA-8	-2.176227	1.6862413	-0.23659974	0.696664	-2.3051944	-0.80066705	4.754991	-1.705827	2.489157	-1.6585462
TTTCGAACGCGTTA-1	-0.39718103	0.29737368	0.5491582	0.006343191	0.9883502	0.090111196	0.48638254	0.59235543	0.048791096	0.27848017
AGCTGTGATCACGA-7	1.2433205	-1.6157227	0.5157915	-1.5751073	0.8509316	-0.3413687	-2.6202939	0.2892588	-2.5285032	-0.18658198
AACCTTACCCAGTA-7	-0.21280378	1.6212094	-0.9523514	-0.05924217	-0.10793191	0.1997821	1.1604844	-0.6545381	2.1581156	0.13533047
TCATTCGAAGCAAA-1	1.7416922	-2.0093346	0.6114642	0.40063506	1.8074912	1.1114188	-2.4243376	0.8174589	-2.3090758	-0.1700837
ACGGTAACGTCTGA-2	0.81455886	0.5491302	0.5327864	-0.0969405	0.8378598	0.14616717	-0.23197001	-0.5328532	0.51976603	0.2641519
ATTGCGGATTTCTG-8	-2.683237	2.451048	-0.06957847	0.24070391	-2.4599223	-1.1769562	4.7480793	-1.434401	2.849756	-0.7069026
ATTATGGACACTCC-1	0.8643177	-1.4218336	0.12843144	-0.17097847	1.0453649	0.269329	-1.6729707	1.0682575	-1.4119564	0.05170949
CATGTACTGACAAA-1	-2.3024545	2.5887988	-0.66201144	0.3219084	-1.7449678	-0.4229997	3.901105	-0.7720937	3.0881345	-0.527877
CTGACAGACTATGG-4	-0.38811564	-0.02277735	0.4000281	0.06589425	-0.3538285	0.21587512	1.7360294	-0.6601845	-0.21934448	-0.64714164
ACTTGTACACGGGA-2	1.0186782	0.53005075	-0.5598045	0.45560524	0.6544318	-0.34332988	-0.7117623	-0.31735185	-0.040159713	-0.15915512
CGCTAAGACGCATA-8	-1.0493695	2.075155	-0.79754025	-0.24348626	-0.7366943	-0.124151394	2.4010906	-1.3470763	1.7410629	-0.42369854
GTCTAACTGGTTAC-4	1.1333362	-1.9603164	0.18050538	-0.16745049	0.896543	0.34153518	-1.9202884	0.9526158	-1.5663154	-0.19183408
AAGGTCTGGCCAAT-1	-1.1954077	1.9819701	0.034844548	1.0007082	-0.20969537	0.3828386	2.0534563	-0.39855674	1.4736098	-1.6884489
TCGCACTGATAAGG-8	-1.645422	1.8035159	0.20753154	0.26751447	-2.0464506	-1.2003601	4.5451503	-1.2938404	1.8777064	-0.8992488
GCATTGGATTCTCA-2	0.9016987	-1.7308569	-0.18581483	-0.5747019	1.4594508	0.5466865	-1.7120353	0.7590837	-1.3499945	0.17737441
GTCCAAGAGTCACA-7	-2.681905	2.1204793	0.3380399	0.4482183	-2.8561907	-1.1984295	5.3663836	-1.3845024	1.870364	-0.7867011
AGCGGCTGCTAGTG-7	2.4106328	-1.7180963	0.20409079	-0.25608212	1.4798192	1.2266176	-2.3125706	0.18091601	-1.0991489	0.6088758
TCCATAACCGACTA-4	1.9559095	-1.5284492	0.57878625	-0.1735098	3.3261616	1.4531033	-3.0500293	0.6910846	-2.0287273	0.5386009
GACGCTCTTAACCG-2	-0.9918221	1.5830196	-0.59487796	0.3149172	-1.3356519	-0.62120855	2.2678852	-0.6068103	1.8642312	-0.7919499
TCTTGATGTTTGGG-5	1.6699717	-2.439641	1.9302416	-1.8481234	1.3722167	0.18940486	-2.4769814	1.2186317	-2.8625853	-0.045888852
ATACCGGAGTACAC-7	0.4834805	0.056886014	0.04811714	-0.11095677	-0.21436344	0.62599987	0.82819855	0.5185751	1.451963	-0.6416947
ACGTCAGAAAGCCT-7	0.6057069	0.2192295	-0.25584608	-0.29017588	0.056956522	0.524321	-0.5791916	-0.25835133	0.097789444	0.17763865
CAGCATGAATGGTC-2	-1.9514242	1.3188033	-0.6175735	0.5090583	-0.8952916	-0.10585597	2.870589	-0.29323635	1.6257194	-1.1820468
GCTCCATGCTCGCT-3	3.1434507	-4.466555	0.23208237	-1.2152013	2.6511211	2.2628899	-5.209751	0.7982304	-4.944266	1.2790233
TACCGAGAGGGAGT-5	0.7653008	-1.986617	0.7562895	-0.4194902	2.0713367	1.1831418	-3.0304563	0.83666545	-1.7277449	0.3359848
TCAGTACTTCGTTT-6	0.40739876	0.58585143	-0.022514578	0.13882115	-0.3508836	0.39224824	0.72990036	-0.2898655	0.4117855	-0.597641
GAAGTCTGGGTATC-4	1.9847761	-3.042861	0.9562665	-0.09062047	1.955424	1.8095187	-2.446724	0.8322242	-2.7088559	0.098937385
AGTAGGCTAAGGGC-8	-0.13829899	1.5912604	0.3481468	-0.82863027	-0.7313249	-1.1295217	1.1332221	-0.7617209	0.53947663	-0.7164966
ATCTACACTGATGC-8	-0.19091824	1.7245991	-0.6595125	0.30823976	-1.1957502	-0.22569783	2.5987396	-0.72371864	1.6367486	-0.6882731
GACAGTACCATTTC-7	0.10645765	0.98300016	0.7078356	-0.580973	-1.5277674	-0.9383093	1.8605413	-1.3928134	0.52455854	-0.28549
GACTCCTGGTTGGT-2	-0.6301159	-0.47714663	-0.8617798	-0.28830498	-0.21279842	-0.7122185	1.1837423	0.10224641	0.013386224	-0.1416339
GTGATCGAACCTCC-7	0.03239441	0.5987507	0.26264375	-1.213381	0.08402208	-0.24886642	-0.40589026	0.26011515	-0.48618034	-0.3261286
AAGCACTGTGGGAG-8	-1.137553	1.3314581	-0.7379984	-0.48287705	-1.6855366	-0.5486624	2.0858057	-0.8821727	1.6533713	-0.5342321
TGATTCTGTCACGA-7	0.7039	0.20973247	-0.23445985	-0.28198883	0.6124387	0.5018365	-0.38305855	0.39853647	0.7047652	-0.2510489
CGCTCATGGTATGC-5	0.93961656	0.105606034	-0.4099493	0.72416824	0.31500965	1.1146683	-0.7300823	0.022960741	-0.90472084	-0.3140863
CCCTACGAGTAAGA-2	0.42619976	0.72626024	-0.39415103	0.39409927	0.032410588	0.18481721	0.44906765	-0.25235063	0.6571277	-0.38617074
AGCACTGAGACACT-4	-0.85048586	-2.3666403	-2.0188985	-0.9114692	1.2229761	-1.8992186	-3.178028	0.18960795	-3.4309564	0.34410113
AATTACGAGCTTCC-4	0.18003744	0.41120183	-0.14354832	-0.40732628	0.6176554	-0.52472895	-0.60652995	-0.31266028	-0.262208	0.040434305
TACTCCCTCTGTGA-3	0.119185574	0.6151983	0.26630417	0.05557038	-0.0019693966	-0.40717876	1.356873	-0.4312232	0.4185361	-0.5702712
ATGTAAACCTGTGA-4	1.0480638	-1.0529886	0.41473785	-0.51252496	0.7391539	1.2184047	-1.2940545	1.0711037	-0.98231834	-0.5038113
AGAGAATGCGTCTC-5	-0.68304014	0.5623079	-0.10519709	-0.47063434	-2.1769314	-0.9190293	3.6213067	-1.0119265	1.4204664	-0.538636
TAGATCCTTTCGGA-8	-0.7594523	1.7018758	-0.5245957	-0.105915695	-0.7969132	-0.763277	2.8667352	-0.30027288	0.8051858	-0.56194735
CCAGCTACTGGAAA-1	0.3001772	0.245472	1.1313299	-0.7742533	-1.2748095	-0.7352989	2.6786492	-1.3161172	1.4607929	-1.7147954
AAGTGGCTCTGTGA-4	-0.73045385	1.4454175	-0.4414229	-0.038592216	-0.5061103	0.1198573	1.8595301	-0.12674452	2.2490313	-1.2701275
ACCCTCGAAGGTTC-6	0.5480153	-0.6731968	0.15318176	-0.24583168	0.29616877	0.50805604	-0.38641882	1.216982	0.9246977	0.049475458
ACAGTTCTGGAGCA-4	-1.1137211	2.1180797	0.21975896	-0.6037628	-1.6100854	-1.0501544	3.028797	-1.439429	1.5481703	-0.6078929
CTTTAGTGCTAAGC-6	0.02767329	1.499336	-0.5414291	0.2655488	-0.45984188	0.54821676	1.2056595	-0.5188641	1.158518	-0.6107733
TGGATGTGATGCTG-8	0.74808997	-0.51124686	-0.22113378	-0.299099	0.460812	0.8080331	-0.076411575	0.32189444	0.06860231	-0.44134572
TAAGATACTTTGTC-6	0.28248104	0.219074	-0.15431383	0.022927402	-0.34329605	0.26192048	0.8711067	-0.7987294	0.3672726	-0.83254653
ACTACGGAACACCA-1	0.13910644	1.2539809	-0.3978575	0.18733238	-0.5459124	0.81859046	1.5413055	-0.58617693	1.4085577	-1.5290592
TTATGAGACTTAGG-3	1.4138141	-0.81044364	0.15421984	0.1731469	1.7070324	1.2915992	-1.5825856	0.7365943	-1.3311472	-0.012650006
CGATCAGAATGTCG-2	-0.9940237	1.4158928	0.30384642	0.005546195	-1.0484605	-0.19738491	2.2347894	-0.6067031	1.7418587	-0.58745587
ACTCGAGACAATCG-3	-1.5808419	1.5938481	-0.1781978	-0.31790018	-1.270684	-0.42109764	3.420172	-1.2622072	0.9358176	-0.9107103
CTTCATGAGGTCTA-4	0.07432537	0.25487754	-0.4642521	-0.15348049	-0.30468234	0.060602196	1.4369179	0.38652444	1.3297199	0.2330612
GCACTAGAATCACG-6	1.0745211	-1.5052238	-0.1640625	-0.19212501	2.4551015	0.9489522	-1.6358835	0.72454953	-0.91258806	-0.9348165
TCAATCACTGCACA-2	0.0011001904	-1.9290359	-0.22945419	-0.80602235	1.4134223	0.33073267	-2.9039078	0.2311341	-1.7481507	0.30589855
GAAGATGAGAACTC-5	-0.26186684	1.2032852	-0.20791803	-0.8262529	-1.1860175	-1.3434026	1.3804123	-0.5495071	1.1942955	-0.20184682
AGTGACTGTGTGGT-7	0.9443813	-3.6906435	0.06785026	-1.9743375	1.9732586	0.8639877	-4.505236	0.45916897	-4.71115	0.24868412
ATAAGTACAGTCTG-2	-3.2511654	2.4266734	-0.6307368	0.9851055	-3.4288902	-1.2820231	6.121808	-2.2456965	2.7425551	-1.5169175
GGTATGACGTAAAG-2	-0.025773901	-0.2306026	-0.718307	-0.48155826	0.8617795	0.47744745	-0.27685258	0.7617131	0.39294577	0.16093993
AACGTTCTGGGTGA-2	0.32428303	0.27813378	0.586986	-0.45392662	-0.60321885	-0.5725694	0.70172834	-0.2916404	0.60563415	-0.31121698
CGAGTATGGTGTTG-2	0.006287576	0.95048255	-0.7000523	-0.24235778	0.5219966	0.5077448	-0.15700911	-0.015964892	1.2678477	0.024456201
GAGGGTGACCCGTT-6	-0.59410095	1.1069347	0.48838693	0.2588797	-1.3180561	-0.3308852	1.8086799	-1.1590077	1.3840153	-1.0583916
TTGCTAACGGTACT-3	0.27542824	0.13992193	-0.18903479	-0.6152306	0.089887604	0.03922972	0.47838107	0.029534545	0.3758509	-0.5479491
CACTAACTCTGTAG-7	-1.4840341	-0.2657292	-0.16898511	0.06553528	-2.6917267	-1.3573192	4.112578	-1.7867553	2.4525654	-1.856286
GCGTAAACGGCGAA-7	-0.45790747	0.83973086	0.22002025	0.08401566	-0.1557749	0.7375306	1.2672267	-0.02368168	0.81245065	-0.50077385
ATCATGCTTTCATC-4	-0.9667299	2.0582795	-0.1304556	-0.28551567	-1.612028	-0.3487585	2.272786	-0.4780281	1.32366	-0.4139398
TCTACAACCATGGT-1	-2.094207	2.1869037	-0.367176	0.78799075	-1.8825626	-0.94884914	4.67368	-1.6726341	2.3429656	-0.9801611
TCTACAACGTTTCT-2	0.24735154	0.82134944	-0.42422536	-0.590357	-0.3726616	0.030261066	0.74619585	0.83135664	1.6246803	-0.09030805
CATGGATGAAGTGA-3	-1.7007017	1.1254764	-0.39022875	0.68110234	-1.6432071	-1.2527381	3.545249	-0.98621	1.6261466	-0.87358963
TTGCATTGGAAGGC-6	-0.4679348	1.3127799	-0.4450906	0.1910296	-0.5611179	-0.48503926	1.8619907	-0.1211392	1.4487623	-0.32418314
TAACTCACGTCATG-7	1.1677333	-0.8479871	0.1461889	0.046560142	1.9234782	1.0145618	-1.2259313	0.3552246	-0.75519806	-0.25289267
ATGAAACTTAGACC-2	1.7668345	-1.4159645	0.53510976	0.34284747	2.375473	1.6902015	-2.4721148	0.7246488	-2.6068373	0.28002164
AACGTGTGCCACCT-2	-2.537749	1.6222947	0.059520185	0.18720767	-1.2574563	-0.85774267	4.322428	-2.07275	2.1470156	-1.1263897
TAACTCACTTATCC-2	1.465567	-1.4884213	0.34885985	-0.019712316	1.5962774	1.025722	-1.6147274	1.637724	-1.9795945	-0.79185236
CATCGCTGAGCATC-6	0.3331644	0.34429136	-0.29917854	-1.0087649	-0.57243925	-0.08897419	0.29655048	0.042887017	0.24477762	-0.3262163
CGGCATCTTTGCTT-5	0.11008366	-0.2343925	-0.4871853	-0.07970787	0.12702577	0.3183416	-0.63151085	0.4328341	-0.64187753	-0.08941245
GAACGTTGCCTGAA-6	-1.3845692	0.7445029	-0.04966148	0.6918557	-1.0989038	-0.5055718	2.0199144	-0.94064623	0.32677853	-1.2323916
ATGTAAACTGCACA-2	-1.2022882	2.418182	-0.6684201	0.6020073	-1.5086057	-0.22084074	3.2635727	-1.2163426	2.6558695	-1.4303999
CTCAGAGACGAATC-1	0.34721988	1.1304681	0.22074704	-0.3799595	-1.2262133	-0.8717753	1.0906138	-0.88742083	1.7209922	0.17660278
AAGAACGAGACACT-6	-1.2349305	1.0701545	-0.21257019	0.11972047	-0.6846086	-0.70543593	1.9579849	-1.15476	1.239258	-1.0648472
AGAGAAACATCAGC-7	-0.025518086	0.25344425	0.42590106	-0.24399963	0.14507851	0.29155615	0.058318228	-0.41085726	0.30551404	-0.62023264
CAGCGTCTGAGAGC-3	-1.487916	0.52854025	-0.13848406	-0.21668063	-2.5234933	-1.277299	3.2150545	-1.8403599	1.4027904	-1.6710424
CGACCTTGCGTAAC-7	0.2659139	0.0880825	-0.22675166	0.15220712	0.5008152	0.88344574	-0.64625734	0.55246735	0.1880931	0.052899025
CACAGTGATTCGCC-3	1.0775318	-0.30250892	0.31308335	-0.4775743	0.95236427	0.99125147	-0.75168675	-0.12681401	-0.8942861	-0.4673204
CTGACCACTGCACA-4	-2.2212102	2.5666745	-1.0918951	-0.17068687	-2.5680275	-1.4204001	4.752946	-1.4895569	3.704218	-0.7279055
TAGGACTGAGTTCG-5	-1.9728837	2.0511107	0.013419272	0.4877621	-2.0009074	-1.0075592	4.304241	-1.1652557	2.2275817	-0.99207103
GTCCACACGGTACT-6	1.3960134	-2.7242422	-0.3225406	-1.2638613	1.2203388	0.5535332	-2.6712456	1.2310543	-2.256171	0.18299797
AGAATGGATCACGA-7	0.37513217	0.9801499	-0.2450087	0.19266704	0.3744231	0.8422961	-0.14920905	-0.32478768	0.8137398	-0.65562725
ATTGCTACGCGTAT-3	1.3782203	-3.2489622	1.0201408	-0.25195977	2.458166	1.3283186	-2.4612765	0.9236799	-3.4008677	0.5338266
AGTCGAACGAAAGT-6	-1.8717066	2.010015	-0.45863634	0.20367539	-2.5109358	-1.1127855	3.5904713	-0.9093931	3.4339786	-0.28619376
GGTGATACGGTTAC-7	-0.2537152	0.57993037	0.035656497	-0.2495545	-0.16389118	-0.53696114	1.0295202	-0.19379006	0.27000684	-0.5488427
GAACGTTGTGATGC-5	0.7330373	0.28165004	-0.3731766	0.3097426	0.57809424	0.9293621	0.14136274	0.53036565	0.6003898	-0.2669265
CCCTCAGAAGCGGA-2	-0.52276874	1.1971798	-0.62234646	0.70123404	-0.5968744	0.11543568	2.028998	-0.41142386	1.0969701	-1.2373346
CAAGGACTTTACCT-4	-0.17254865	1.5925425	-0.26381558	-0.8935059	-1.0764511	-0.5043137	1.140671	-0.13072267	1.6526508	-0.96572745
GACACTGATCTATC-7	-0.8489214	1.5753297	0.52277243	-0.48777053	-2.2438045	-0.39459997	3.983525	-1.3847072	2.206535	-0.7857786
CTGTATACCCTACC-4	-0.37115747	0.8609062	0.7771141	0.10190946	-0.3510868	-0.41507387	1.1715657	-0.68586916	0.5493785	-0.765653
GCCGACGATTGCAG-2	-0.5252894	0.6161392	-0.014421995	0.20598361	-0.14653523	0.12412505	0.7298738	-0.10824224	1.3177418	-0.72686946
GTAGCAACACACGT-6	-0.06714235	1.043575	-0.6100404	-0.42335397	0.20036392	0.4911173	0.13777453	0.22893405	0.5989856	0.24418527
TCATCATGCACTTT-8	1.0499842	-0.9197471	0.843827	0.122376174	2.5678768	1.1063515	-1.6927193	0.7021517	-1.7360624	-0.3038193
AGAAGATGAGAGTA-2	0.80915016	-1.7166386	0.6242587	-1.0387335	1.400789	0.5793762	-1.7672489	0.87420356	-2.241439	-0.22211671
TTCATCGAATCACG-2	-1.0554216	2.3955665	-1.1654539	0.9358185	-1.6067809	-0.80591905	3.4681327	-0.8856226	2.4432778	-0.6613236
TTCAAAGAAACCAC-3	0.5878981	0.036931533	-0.12923527	-0.068395026	1.0332222	0.75244457	-0.74654704	0.27187034	0.0968522	-0.179096
CCAGACCTTGGCAT-7	-0.18270026	1.9910549	-0.8843182	-0.40604725	0.49022245	0.59304446	0.8798615	-0.493043	1.0700738	-0.41941196
ATCTTTCTCATGAC-6	-2.2350202	2.6391177	-0.13572982	0.7596859	-2.257175	-1.3237529	4.3787174	-1.6995711	2.624139	-1.8218634
CTACCTCTGTTACG-7	-1.0234604	1.5625844	-0.2716284	0.25285578	-1.8307562	-0.16910382	2.6346052	-0.78573775	2.0695505	-0.98015064
TTACAGCTCCGTTC-4	-1.7650383	1.2142948	-0.3182516	0.03434454	-1.4654045	-0.9700311	3.6838899	-1.2797818	1.540988	-0.9545667
CATTTGACGAGGGT-3	1.1557218	0.3073799	-0.16781132	-0.1067836	0.33343586	0.8739961	-0.513008	0.016140917	0.2504259	0.17929922
TAGCCGCTTCCTAT-3	-0.1879259	0.05378883	0.99992543	-0.55948037	-1.3841246	-0.9726126	3.010424	-1.9463098	1.0267513	-0.47026035
GGAGTTACGGATCT-4	0.4221953	0.6288033	-0.3942221	0.502243	0.5147334	0.6417433	0.50193363	-0.14331669	0.49458447	-0.7217086
AAACGCTGAGCCTA-5	-0.884982	1.7435076	-0.13410147	0.25856605	-1.8916857	-0.86882615	3.481409	-1.7328552	2.0513656	-0.7480919
ATAGCTCTTAGAGA-7	1.1001078	-2.7720273	0.5956553	-0.21706234	1.7982907	0.8593713	-2.354498	0.7161752	-2.526465	0.22566126
GTGTAGTGTTTGTC-3	-0.9447576	-0.047634907	0.26987737	-0.31907266	-0.7063921	-1.1734555	2.4389899	-0.7953306	0.7311906	0.011606231
AAGTCTCTGGCGAA-2	0.6257358	0.23986234	-0.010034379	0.6416917	0.26133105	0.7335673	0.27122593	-0.5715032	-0.7159948	-1.0622221
AAGATGGAACGCTA-5	0.3747333	-0.0074359677	-0.34177342	-0.24280594	0.49243784	0.15908621	-0.8636289	1.1421207	0.33284393	0.045776736
GTGCTAGAACAGTC-8	0.36362687	0.62183106	-0.24987844	-0.5665668	-0.3011089	-0.6701122	0.7970139	-1.357416	0.47693104	-0.69550306
CCAAGTGATCCTGC-7	0.1490109	-2.58985	-1.3892517	-0.07768139	0.9666101	-1.0356383	-4.001243	0.25898582	-3.8553584	1.0820918
CGTACAGATTTACC-4	-0.05239902	0.98941404	-0.63716173	0.92365104	0.29483354	0.25284386	1.6868762	-0.51832837	0.7452681	-0.6724015
GATGCATGTCTTAC-4	0.5557051	1.0785564	-0.119377926	0.20585142	0.3051339	0.7962072	-0.0057326653	0.30583048	0.56858313	-0.011576782
TGGAAGCTAAGCAA-5	0.09536661	0.25840536	-0.6352523	0.1866782	-0.833323	-0.17074865	1.5399493	-0.5002315	1.5322288	-0.48758405
AACGGTTGATCGGT-8	0.96173793	0.1010413	-0.0113575915	-0.1353697	0.47008	0.3308637	-0.44954163	-0.006894384	0.3650109	-0.22826198
GGATGTTGTCCTCG-2	1.1917914	-0.915146	0.17682979	-0.4663983	0.637288	0.99833685	-0.7873601	-0.1324183	-0.90699786	0.034525577
CACCTGACACGTAC-3	0.9732137	-0.18085393	-0.21955523	-0.37929112	0.0014452751	-0.34254372	-0.5994133	-0.068443134	0.24699359	0.40303645
CGTGTAGATCATTC-4	-2.796843	2.7758555	-0.7330718	0.48536354	-2.8637633	-1.40256	4.6596255	-0.8260238	3.5491495	-0.71731645
GATATATGGTAAAG-1	-0.08177085	1.4843807	-0.47614732	0.10970657	-0.60575575	0.11746984	1.1281673	-0.22670777	2.2512121	-0.49066025
GAGTAAGACGAGTT-4	-1.4603258	1.7829872	-0.037598647	0.18400106	-2.344592	-0.8783856	4.539877	-1.7393241	2.2491453	-0.933547
ACAATTGATCTATC-1	-0.55052394	1.1759943	-0.2668941	-0.37904453	-0.85291475	0.5151101	1.2345136	0.40646744	1.63899	-0.5172546
CAGGTTGATGACCA-1	-2.6161308	2.0237908	0.36000556	0.3293814	-2.537597	-1.6765882	4.4164553	-1.1712372	2.5243425	-1.0581609
GAATTAACGTTACG-5	-0.8248349	0.5057664	0.4500519	-0.36170042	-1.5386479	-1.0587754	3.0485713	-1.5839689	1.2064688	-1.4419401
CTAGGATGTGATGC-2	2.1218877	-1.3285748	0.4138211	0.23380458	1.9645157	1.44796	-1.8790187	0.90750194	-2.4389899	0.4794102
TGGATTCTGCTCCT-6	-2.146243	2.3086176	-0.6124605	0.12157067	-1.6472082	-0.72910166	4.0780315	-0.71275336	2.188021	-1.4314268
ACTGCCACTTTCAC-4	-2.3912299	1.7193961	-0.47468036	0.35130334	-1.9465213	-0.8965924	4.6123805	-1.0756174	2.1555195	-0.9420078
AGCCGGTGTCTCCG-1	-0.6486718	1.5721253	-0.5858457	0.058733016	-0.36861697	0.2425293	1.5249177	-0.091347	2.363247	-0.14135252
GTCTGAGAGTGTTG-7	-0.9740255	-3.2631817	-2.3387241	-1.4154735	0.7783454	-0.87535805	-3.064676	0.24685465	-3.3447793	0.10679676
TTCACCCTGGTAGG-2	1.4983174	-1.0988971	0.5568253	-0.051895343	1.8427444	1.6469554	-0.98484504	0.5270282	-0.7603877	0.28507543
GAAATACTGTCATG-2	-0.96881187	2.2735443	-0.8026121	0.4272822	-0.49816164	-0.3724002	2.5815902	-1.0160544	2.2657685	-0.5717578
CAGCTAGATGATGC-7	0.74459213	0.22412899	-0.3071471	-0.59871095	0.70036066	0.44902152	-0.4170798	0.88976675	0.27933046	0.1869814
TAGCCCACAGCGGA-7	0.25749183	-0.52625114	-0.16425525	-0.60374814	0.75637144	0.9618612	-1.494456	0.45053348	-0.8572152	0.24872445
TTAGTCTGCTTGTT-3	0.00092422427	1.0678581	-0.38875312	-0.7521885	-1.0539992	-0.1956383	0.7610858	-0.22975945	1.2775022	-0.3858132
AACTACCTTATCGG-4	-0.40967637	1.2006949	-0.22087833	0.09425904	-0.3920803	0.40682614	1.5218858	-0.456882	1.0295548	-1.6089185
ATAGGCTGCCTTGC-5	0.5624246	-0.76710224	-0.33747053	-0.20867264	0.20887284	0.81296664	-1.0549573	0.612319	-0.46010733	-0.6546429
AACTTGCTCTGCAA-8	-0.82607996	1.3017982	-0.5347421	0.03728707	-0.072085455	-0.42441538	1.4861599	-0.1639336	1.1119162	-0.90230775
TAGGACTGAAGTAG-7	1.3143244	-0.034738075	0.6827998	0.3898594	0.74289566	0.5738962	-0.11114064	0.48830456	0.07831813	-0.10314614
CCCTCAGAGAGGCA-8	-0.8117521	0.118464984	0.6011774	-0.12642738	-1.1691846	-0.85209024	2.9780035	-1.4834194	1.6071175	-1.6593426
GAGGGCCTTTCCAT-4	0.10392105	1.0116807	-0.70855963	-0.25809878	-0.0472309	0.08615034	0.9619918	-0.86511683	1.1608518	-0.6854213
GAACGTTGCCTCAC-6	-0.040996313	-0.5063561	0.22690648	-0.06798232	0.42999718	0.24977481	-0.25243372	0.61990076	0.35172635	-0.07955344
TCATGTACACACAC-1	0.836682	0.09119666	0.5137582	-0.11198811	1.6721555	0.8321649	-0.7154003	0.7733304	-0.5131771	0.21895945
TCGAATCTTGTGAC-1	-0.16184969	1.5909524	-0.42373583	-0.20875613	-1.0668546	0.14599992	1.5878097	-0.30574137	2.2370296	-0.32194802
CAATCTACTCGTTT-6	-2.0920115	2.12794	-0.5497769	0.6971184	-2.0033014	-0.5578703	4.3756104	-0.79963946	2.6213684	-0.7609359
GACCTCACTGGTTG-6	0.7893658	0.3523613	-0.6021596	0.16326635	0.62906045	0.7726834	-0.14547947	0.75192875	-0.08920635	0.29061943
GGCAATACGAGGGT-7	1.6736683	-1.5396945	0.6482039	-0.19496012	1.8752924	1.3973948	-2.0850687	0.5712686	-1.9452654	0.25458506
GCCAACCTTTAGGC-1	-1.608506	1.8270154	-0.2338525	0.18189195	-1.8392746	-0.9528468	3.3827794	-1.4283843	2.3261626	-0.9247608
TTCGAGGATAAAGG-7	-2.2982106	2.3445323	-0.79553425	0.8636905	-2.6094675	-1.5600653	5.0550795	-1.1949503	2.7096684	-1.0519476
TCATGTACTCAGAC-4	-0.290644	1.1327013	-0.19212866	0.049634594	-0.8507051	-0.11301928	1.6833364	-0.14322384	1.6815888	-0.19900922
TGAGCAACGAGAGC-7	1.8322682	-1.6592429	0.04621671	0.0510002	2.312767	1.663608	-2.2494457	1.004334	-1.5066206	0.5353965
TAGAATACTGAACC-7	0.4644529	-1.4393069	0.6789411	-0.6740167	-0.32353842	-0.17495437	-1.3560781	0.052464537	-1.4534638	0.35222867
GCTAGAACGTCGTA-6	0.3420211	0.97894686	0.08809439	-0.5128477	0.6418922	0.45804155	0.16780807	-0.09919658	0.034593787	-0.032536253
GAGGTGGACTTGAG-3	0.69561905	-0.22103152	0.18834846	-0.036120158	-0.18195026	0.18612172	-0.782359	0.18319339	-0.030550405	-0.47434452
TTAACCACCTAGAC-7	0.49535665	0.29160538	0.10552193	0.75928026	1.1223277	0.924487	0.09688261	1.0672116	-0.61589926	-0.53790784
AGTCACGACTTCTA-1	-0.50030804	1.7862123	-0.2431182	-0.5771167	-0.88522345	-0.6384053	1.4297895	0.116277955	1.1978406	0.23711413
CGATCAGATTCTAC-6	0.33262393	1.1080266	-1.1001452	-0.27044243	-0.79659545	0.7245231	0.74694973	-0.6920973	0.57862616	-0.43955237
CGGGCATGTTCCCG-1	-1.0183231	0.852392	-0.6540939	-0.051149208	-0.93542445	-0.38755795	1.5337491	-0.111504376	1.154862	-0.5112001
ATTCCATGGTTTCT-1	0.93944484	0.1734464	0.0831481	0.044453997	-0.023000497	0.2870783	0.5506028	0.8197112	1.0446918	-0.116348065
GAGGTACTTGTCGA-6	-1.9271734	2.1836538	-0.19366479	0.71419036	-2.3914628	-1.3618203	5.0772467	-1.5742869	2.2969162	-1.2611969
CACCCATGTCCAAG-2	-0.28940588	0.56941736	0.24885938	0.19961813	0.17458086	-0.2036015	0.8455487	-0.68683827	0.88861334	-0.79982424
ATGGTGACTGCCCT-8	-3.1368642	2.8586192	-0.3512475	1.014333	-3.3358974	-1.5828357	6.592428	-1.449777	3.319609	-1.3241279
CCAGGTCTCGATAC-5	0.5839522	0.55642	-0.5530789	-0.05060839	-0.14725444	0.19746305	0.50230634	-0.002616958	0.89034957	-0.5957388
CTACTATGATCTCT-5	1.5528748	-2.6031258	1.4239043	0.23605925	2.4251142	1.150251	-3.2036796	0.61772	-3.0575387	0.3025612
TGTGAGTGGTTGCA-6	-0.75511324	0.6759068	-0.18902916	0.07984677	-0.9329202	-0.6582669	1.8703909	-1.764523	0.97651356	-1.1520989
TGGTCAGACTAAGC-1	-1.9625041	1.3675749	-0.021193853	-0.37766019	-2.1178138	-1.6322758	4.0058904	-1.8874035	1.5943387	-0.7075249
TAACATGATCATTC-5	-1.2847764	0.7263959	0.5210781	0.64244795	-1.8408787	-0.8065918	3.271172	-2.014791	1.3645048	-2.1381807
GTCAATCTCAGCTA-5	0.9761699	-0.41629907	-0.5088993	-0.9189409	0.94325256	0.7494645	-1.0210872	0.5519738	0.5848417	0.09037252
GCACGTCTGCGTTA-2	0.032274473	-3.116304	-0.97564167	-1.2590746	1.6157498	-0.85278183	-4.2616987	0.009463436	-3.8217444	0.01559622
GCGAAGGATCTGGA-6	-0.012297226	0.59511155	-0.66862	-0.18951501	-0.7438645	-0.21956982	0.5449699	-0.33845198	-0.036046013	-1.0389216
TTCATCGAGTTGCA-6	0.9032225	-1.4886757	-0.016219608	-0.26252204	1.4913723	1.1562108	-1.6558398	0.97072595	-1.569412	-0.41332096
CTGAAGTGCGGGAA-7	1.4499087	-0.7641486	0.37988263	-0.33472565	0.733167	0.59979177	-0.7849336	0.90311867	-0.10697964	-0.2728665
TTAGTCACTCGTTT-6	-0.98211616	2.0524464	-0.3175989	0.92562413	-1.5322734	-0.33797947	3.3112085	-0.8160818	1.8057213	-1.1136245
CGAGAACTCGTTGA-7	0.5317955	-0.05311881	0.31151968	0.38910425	0.364457	1.0930389	-0.14649498	0.052162856	-0.08883251	0.33379617
GCCAAATGGTGTTG-2	-1.6730993	1.6880217	-0.04373557	0.5407342	-2.3536887	-0.47884196	4.340406	-0.7869494	1.858894	-1.3427442
TCCCTACTGTCGTA-3	-1.0600606	0.4598536	0.0012020665	-0.4735938	0.04592657	0.034961775	0.56937534	-0.4098835	1.0634999	-0.2704123
AGCATCGACACTTT-1	2.0666568	-4.583691	0.67815036	-0.63302284	2.3058894	1.0445083	-4.922858	0.008371708	-4.380353	0.2817161
GCGAGAGAACTCTT-7	-1.6789107	1.8071127	0.15242667	-0.38884112	-2.4968894	-0.6529052	4.224465	-1.339526	2.421802	-1.0055029
TTGACACTCGACAT-2	0.907547	-1.13345	0.37942272	-0.5682405	0.85948217	-0.2178384	-1.3344599	0.6258168	-1.624343	-0.14597844
TGGAGGGAATGTGC-8	0.7122152	-0.22249012	0.14886685	0.112866655	0.37003615	1.1525488	-0.25386095	0.13275659	-0.6884544	-0.22368778
TCGCAGCTCTCTTA-5	-0.3570804	0.7667842	-0.119397126	0.27660006	0.13601056	0.03969621	0.9241847	-0.021265075	0.80638105	-0.18788967
CATAAATGTTGCGA-6	-1.1125504	1.4045813	-0.51878464	0.37036324	-0.68697506	-0.009980689	1.834595	-0.2637223	0.33318722	-0.19685894
GTAGTGACTGCTGA-8	-1.1320897	1.1446688	0.13553752	0.20782512	-1.6961524	-1.2210057	3.9157875	-1.700661	1.7681017	-0.8153589
GCCCAGGAAGGTTC-4	-1.1563815	1.5495154	-0.53448355	-0.2505682	-0.36075103	-0.58858395	2.2260196	-0.4720041	1.0992188	-0.62731284
CAATAATGTGGGAG-8	-0.10673438	0.92162836	-0.8281454	0.20141403	-0.20077547	0.54765445	0.5552962	-0.1541632	1.0419605	0.057882152
TTATCCGACTAGTG-8	-1.1861656	1.1432592	0.5544404	-0.5519276	-2.3819482	-1.3389361	4.4508867	-1.8179325	2.6579413	-0.83373475
GCTACGCTGAGCTT-5	0.8585167	-2.205637	0.10114497	-1.0035511	1.7373017	0.82134265	-2.5707119	0.75839996	-2.4699333	0.08741118
CAAATTGAGTACCA-1	1.9352283	-3.3501523	0.9709342	-0.23671366	1.9070688	1.275587	-2.9655368	1.0757394	-2.9234774	0.44625068
GCAAACTGCATTTC-8	-1.931462	1.5496353	-0.5390723	-0.05023154	-2.0250063	-0.9774086	3.0122533	-1.4119694	1.7783337	-0.6874697
TGCCCAACACTAGC-3	-0.69749844	1.8183336	-1.3111238	-0.14107034	-0.4785227	0.63299364	1.5252213	0.007988312	1.2134206	-0.10169158
CGCCATACTATCGG-7	-0.73304534	1.593671	-0.6234653	-0.34950796	-1.2117832	-0.050177116	2.46115	-0.32911408	2.4884527	-0.67270994
TCACAACTGAAAGT-5	-0.3376644	1.465826	0.22802119	0.713431	-0.7651497	-0.3323929	1.0639948	-1.3444078	0.78344023	-0.57413995
TAGATCCTGGGACA-1	-2.205534	1.988299	-0.028450288	0.45444095	-2.9116135	-0.9611402	4.411086	-1.1810813	2.932558	-1.178603
CTAGAGACGCAGAG-1	0.84893054	-0.08359682	0.02580092	-0.5299083	1.1330522	0.5561577	-0.57021344	0.583225	-0.4991487	0.180121
GTTAGGTGTATCTC-6	0.97112453	-0.7533473	0.3249655	-0.39002115	0.7023765	0.29572734	-1.9505279	0.13233338	-0.80000573	-0.16952986
CAAGAAGAAAAACG-4	-0.008643482	-0.82444626	0.2686107	0.011729271	0.8406106	0.9743117	-0.7013127	0.5175331	-0.9361775	-0.19125968
GAAGTAGAATCGAC-4	1.0070724	0.0043857875	-0.048054084	-0.43289688	1.0266765	1.0622259	-0.28280482	0.5192605	0.34351233	0.048477158
CTATTGTGGGAAGC-1	0.18555821	0.8184545	-0.12611212	0.47864574	-0.28295922	0.5328194	0.30123606	0.086664304	0.6213803	-0.4197371
TGCACGCTGACGGA-3	0.6050158	-0.22292568	-0.26786712	0.051782034	-0.24697249	0.84229815	-0.30450085	0.34271374	0.39816174	0.50906944
GAAGTCTGTCGATG-4	0.77519584	-0.8058774	-0.07091518	0.0046340926	0.96849483	1.0857923	-1.2564956	0.8331744	-1.140936	0.07670862
TAACGTCTTCGCCT-7	-0.45490873	0.43367836	-0.17492753	-0.33979595	-0.4630874	-0.32737225	1.3235425	-0.6757085	0.290359	-0.016766323
AAACCGTGCATACG-8	0.49731	-1.7582978	1.1458474	0.068635315	1.4296689	0.9803387	-1.1676145	0.516615	-1.5320247	-0.4346187
TCGAGCCTGTCTTT-6	-0.7111341	1.3650577	0.2638497	-0.35726243	-1.7924234	-0.7622257	2.2038872	-0.5902858	1.357414	-1.0847273
GCCCAACTATCGTG-2	-1.8089937	2.3032637	-0.42431486	0.57385945	-1.5263462	-0.4605748	3.1668108	-1.0815904	2.5053105	-0.4359647
GGAGGCCTAACGTC-1	-0.43309796	0.81022954	-0.320683	-0.3222529	-1.0704861	-0.69908106	1.7153702	-1.0591888	0.9578601	-0.59531105
GTTCAACTCCTTTA-5	-0.6946555	2.269707	-1.3564695	-0.48941466	-0.7422205	-0.30256918	1.3598473	-0.46516567	1.821922	-0.04558266
CACTAACTCGACTA-8	0.36330733	-0.6313833	0.09020706	0.081804395	0.62994087	0.033004362	-1.0533847	0.8284174	-0.052763984	0.8321464
CGCGAGACAGAACA-1	0.14983055	1.197498	-0.46877038	0.18215717	-0.32014695	0.05590723	0.8567047	-0.14377132	0.8909839	-0.53148264
TGCAAGTGAGCACT-6	-0.15185577	-0.51850206	-0.35520566	-0.062396914	0.020870939	0.34073433	0.92274094	0.39560434	-0.06482889	-0.090703845
ATTGTCTGCGGAGA-5	0.98046917	-1.2198695	0.6068331	-0.907556	1.3236717	1.1774641	-1.3983823	0.38349175	-1.0285826	0.06796005
TGCTAGGATGAGCT-1	-0.44937247	0.88084644	-0.7681906	-0.24150434	-0.22376242	0.4573517	0.47347146	-0.52384204	0.91535634	-0.58338135
CAGGTATGCATCAG-1	1.3077608	-0.79658455	0.12739168	0.30130684	0.6105554	1.3791684	-0.82943374	-0.3977031	-1.9744153	-0.29142544
GTCTGAGACTACTT-6	1.2262412	-1.2514197	0.18332076	-0.16509573	1.7419595	1.1070921	-1.872125	0.7826256	-0.36721316	0.18077412
ATGTTCACACCTGA-6	0.50218695	0.8095032	-0.2980859	-0.27038628	0.0042154333	-0.111607	0.20544532	-0.05709403	1.0233697	-0.34472322
CATCGCTGCTTTAC-5	0.26542088	-1.1419318	0.522689	-0.32394716	0.4631475	0.40196225	-1.4487385	0.71379113	-1.5151442	0.64429307
GGGACCACGTGTAC-5	-2.40929	1.4405243	-0.237901	0.853328	-3.074606	-1.8215632	5.5505557	-1.9955698	2.4987068	-1.7860487
TGTAGTCTCTACTT-7	-0.96377903	0.7167734	0.752473	-0.30612242	-0.57617354	-0.37988296	1.7587616	-0.4922766	1.4184852	-0.20072015
GATCCGCTGGTCAT-4	1.068903	-1.0956799	0.6108851	-0.19980532	1.6366574	0.09121687	-0.7699235	1.3590425	-0.48149908	0.36600354
TATGGGACGGGCAA-1	-0.9967564	-2.0130913	-1.2315056	-0.98735267	1.4375858	-0.5540477	-4.126122	0.0835573	-3.3307214	1.0198882
ATCGCCACGTATGC-2	0.7729133	0.20984952	-0.15892819	0.015132157	0.54131764	0.075251065	-0.14184323	-0.31479725	-0.36809808	-0.6137408
AGAGAAACTGTCTT-1	-1.1727948	0.7938664	-0.006329952	0.18120979	-2.0956283	-0.9883488	3.6638303	-0.9225025	1.0532471	-1.2279042
ACTCCCGAAGCTAC-1	1.5296508	-2.6376417	0.34365222	0.22764713	1.9767511	1.919379	-3.1315594	1.4377096	-2.7731142	-0.15217215
ACGACAACGAAACA-6	0.67599	0.18788174	0.07940003	0.05606328	0.37226248	0.28738806	0.859698	-0.48802513	0.6779511	-0.41631138
TTCAGACTTCTTAC-7	-0.47114855	0.111662164	-0.31030867	-0.4285264	-0.4713517	-0.017281504	1.1759691	-0.07833588	0.59247434	-0.74420077
ATTCCATGTCGCAA-1	1.7459356	-1.3988016	0.47822618	0.12035305	1.4367958	0.9647381	-2.3324053	0.58949775	-2.0620253	0.13613382
CAATTCTGGGGACA-5	1.1891114	-1.003365	-0.5029218	-1.0572144	0.72206336	-0.65298545	-1.6362222	-0.24274126	-1.365531	0.3308342
GGCTCACTCCTTTA-2	-2.4546304	2.2253447	-0.78351593	0.12756205	-2.4135568	-0.94193125	4.218417	-0.8194228	3.0066767	-0.9110905
ACCCTCGAAGTCTG-6	1.4029421	-2.3406982	0.39398474	-0.18997383	1.9773254	1.9113243	-2.5497026	1.7846059	-2.8095047	0.17906383
TAAGTAACGCTAAC-6	0.60130215	-0.1482089	-0.10062338	0.15209241	0.259912	0.6617645	-0.6242078	0.86923325	-0.23222494	-0.23346394
CCTATTGATGCTGA-3	2.5272593	-1.3518329	0.14464182	0.16854173	2.20743	1.3033634	-2.0309465	1.4529183	-1.0832993	0.46637598
AGTCCAGACTGGAT-6	0.15317245	0.4168928	-0.28793445	-0.49829173	0.63940775	0.6899369	-0.19546257	0.7096248	1.0606718	0.2811864
GATTGGACACCAAC-8	-0.7823941	-0.7067565	-1.1658416	-0.12352158	0.76327807	-1.0685606	-0.76767814	-0.32806748	-0.67275864	-0.2656246
GCACTAGATGGTGT-5	-1.6864316	0.54245675	0.19246535	0.31402126	-2.5016332	-1.1557968	4.212161	-1.5691516	2.0783753	-1.7043587
ATTCCATGTGTCCC-6	-1.0758555	1.6239493	-0.7002316	0.4656604	-1.460281	-0.36148953	2.60443	-0.5091493	2.0256205	-1.2640047
ATGTTAGAATCTTC-3	-1.4635154	1.9819047	-0.16842797	0.5526287	-2.3617215	-1.1177281	3.7816076	-1.4575201	1.5817323	-0.80951464
GCCCATACGGCGAA-8	-1.6364759	1.2747736	-1.195565	-0.32251438	-1.480498	0.10921544	1.3223966	-0.6732034	0.9425813	-1.3099388
TAGGTTCTTTACCT-7	-1.575176	0.9908248	0.07199769	-0.49052656	-1.285923	-0.87246615	3.2251263	-1.4439555	1.3904319	-0.9681729
CGCTACACCCTTAT-5	-1.9389913	2.4658961	-1.0445751	0.6158413	-1.8212847	-0.33376378	3.9194262	-0.9160234	3.0810318	-1.0985858
TGTGACGACCCTTG-6	-0.07004195	0.14378148	0.16864099	-0.07260324	0.43338788	-0.49774387	-0.017254494	0.8833566	0.5390505	0.34625483
CAGCTAGAGTATGC-3	1.018795	-2.1755733	1.0969474	-0.5334248	1.2954272	0.085602954	-1.7200501	1.6075462	-2.293768	0.21171115
ATAGCCGATGGTGT-6	1.664078	-0.18747425	0.4883935	-0.6037541	0.57953656	0.64647293	-0.37665147	-0.26792365	-0.25689095	-1.3844861
GTTATAGATTCGTT-3	0.8488431	-0.877673	0.008855258	-0.3092852	2.0344508	1.129326	-1.6772723	0.23307489	-0.8548313	-0.3600593
GTCACAGATTGAGC-4	1.1458939	0.32581857	-0.14084701	0.016330577	0.9956687	0.41418093	-0.6542492	0.4175128	-0.35723287	-0.46786362
TACGAGTGAGCGGA-4	0.07372537	0.86103714	-0.49057752	-0.51718134	-0.0933861	-0.11182307	0.88945967	-0.06384275	0.8900583	-0.42827722
CTCAGAGACGTACA-8	-2.1988983	1.5236053	-0.08908637	0.4996895	-2.720668	-1.2669456	5.1706753	-1.7482985	2.2822194	-1.0192275
TCGACGCTTGGATC-5	0.16657947	0.34113935	-0.15505823	0.5761608	-0.0051529636	0.83888996	0.4656818	-0.65026367	-0.33839786	-0.7490137
